my_id,te,start_seed,end_seed
ERVB7_1-LTR_MM,TGTAGTCTCCCCTCCCCCAGCCTGAAACCTGCTTGCTCGGGGTGGAGCTTCCTGCTCATTCGTTCTGCCACGCCCACTGCTGGAACCTGAGGAGCCACACACGTGCACCTTTCTACTGGACCAGAGATTATTCGGCGGGAATCGGGTCCCCTCCCCCTTCCTTCATAACTAGTGTCGCAACAATAAAATTTGAGCTTTGATCAGAATGAATTTGTCTTAGCTCCGTTTCTTCTTTCGCCCCGTCTAGATTCCTCTCTTACAGCTCGAGTGGCCTTCTCAGTCGAACCGTTCACGTTGCGAGCTGCTGGCGGCCGCAACA,GTTCTGCCACGCCCACTGCTG,CCCCGTCTAGATTCCTCTCTTACAGCTCGAG
ERVB4_2B-LTR_MM,TGTTGGGAGCTATTAAGACAACACAATTGTCCTGATCTCTGAATTGGGCCTCTCCCCCCGAGAAGAAAAGGGGGTCAAAAGCGGGCCACCGACGCACCGCTCCGAGAACAACCACAGATTGTTCCAGCCCTAAGTCAGCGCCGGATGTCCTGACCTCAAGATGTACCCTGATACCGCCAAGTTCCTGCTTCCCCGTGTAGTCGCCAAAAGAAAAATTTCCGCTGCCCCATCCCTCCTGCTGAGAAGTACTTCCTCTTTTTCCGCTGCCCCATCCCTCCTGCTGAGGTGCATTTCCGCTGCCCCATTCCTCCTGCTGAGAAGTACTTCCCCTTTTGCTTGTGCATTTAAACCTTGAGCCTGGCTAATACATTGGGACCTTGATGCTACTCAGAATGTTTCCGTGTGTCGTTCATTCGCACAAGGTCCTCGTCTCTCTCTACCCCCCCATTTGGTTCTTAGGAGAAGGTCCCCTCGAGACCCTCGAATAACTGGACCTGCTGGACGGGTCA,ATTGTCCTGATCTCTGAATTGGGCCTCTCCC,TTTGGTTCTTAGGAGAAGGTCCCCTCGAGAC
RLTRETN_MM,TGTAGTCTCCCCTCCCCTAGCCTGAAACCTGCTTGCTCAGGGGTGGAGCTTCCTGCTCATTCGTTCTGCCACGCCCACTGCTGGAACCTGCGGAGCCACACACGTGCACCTTTCTACTGGACCAGAGATTATTCGGCGGGAATCGGGTCCCCTCCCCCTTCCTTCATAACTAGTGTCGCAACAATAAAATTTGAGCCTTGATCAGAGTAACTGTCTTGGCTACATTCTTTTCTCTCGCCACCTAGCCCCTCTTCTCTTCCAGGTTTCCAAAATGCCTTTCCAGGCTAGAACCCAGGTTGTGGTCTGCTGGCCGGACACAACA,CCTGAAACCTGCTTGCTCAGGGGTGGAGCTT,TTCTCTTCCAGGTTTCCAAAATGCCTTTCCA
RLTR1IAP_MM,TGTTGGGAGCCGCGCCCACATTCGCCGTTACAAGATGGCGCTGACATCCTGTGTTCTAAGTGGTAAACAAATAATCTGCGCATGTGCCAAGGGTATCTTATGACTACTTGTGCTCTGCCTTCCCCGTGACGTCAACTCGGCCGATGGGCTGCAGCCAATCAAGGAGTGACACGTCCGAGGCGAAGGAGAATGCTCCTTAAGAGGGACGGGGTTTTCGTTTTTCTCTCTCTCTTGCTTCTCTCTCTTGCTTCTTGCTCTCTTTTCCTGAAGATGTAAGAATAAAGCTTTGCCGCAGAAGATTCTGGTCTGTGGTGTTCTTCCTGGCCGGTCGTGAGAACGCGTCGAATAACA,CTGTGTTCTAAGTGGTAAACAAATAATCTGC,GAAGATTCTGGTCTGTGGTGTTCTTCCTGGC
MERVL_LTR,TGTAGTGGTTATTCCTGGTTGTCAACTTGACAATATTTGGAATGAACTACAATCCGGAATTGGAAGGCTCAGCAGTGACCCTTATCTGGAGGCTTGGAGATCCTTATCTGGATCTTGGTTTGAAGATCTTAAGCCATAGTGGCTATGGATTCCAGAAGATTGAATCTCCGAGTTTAAGGAACACACCTTTAATCTGGGCTGCGCCTTTCATCTGGGATTAAAGGTGTGGTGGGACACACCTTTAATCTGGGCTACACCTTCTGCTGGAGACAATATAAGGACATTGGAAGAAGGGAGTCTAGCTCTTGCTCTTGTTCCTTCACCTGCTTGCTGCGTGAGACTGAGTAATTGCTAGATCTTTGGACTTCCATTCACAGCTGCGACTGAATCATTGTTGGGAATTGGGCTGCCAACTGTAAGTCATCAATAAATTCCTTTACTATCTAGAGACTATTCATAAGTTCTGTGACTCTAGAGAACCCTGACTAATACA,ATATTTGGAATGAACTACAAT,ACTGTAAGTCATCAATAAATT
IAPEY3C_LTR,TGTGGAGAGCCGTGAGCAATTGCCATCACGAGCCTCCGCTGTGCCTAACTGGTAAACAAGTAATGTGCGCAGGTGCAAGAGTAAATTCGTGCCAAGTCACTGCCCATCCCGGGGCGTAGTAGTGGGGTGATGAGTGAGCAGCTAATCAGGAGCTGACACGTCACATGGAGGGGTATATAAGCAGCATCATTTTCCTTGTTCGGGGTTGTTCTTCTTTCGCCTATGCAATCAATGCTCTCCCAATAAACGTGTGCAGAAGGATCCTGTTGCAGCGTCGTTCTTCCTGGCCAGTTGAGCGCGTGCA,TAACTGGTAAACAAGTAATGT,AATAAACGTGTGCAGAAGGAT
RLTR4_MM,TGAAAGACCCCACCATAAGGCTTAGCAAGCTAGCTGCAGTAACGCCATTTTTGCAAGGCATGAAAAAGTACCAGAGCTGGGTTCTCAAAAGTTACAAGGAAGTTCAGTTATAGATTAACAGTTAAAGATCAAGGCTGAATAGCACTGGGACAGGGGCCGAACAGGATATCGGTGATCAAGCACCTGGGCCCCGGCTCAGGGCCAAGAACAGATGGTTCTCAGATAAAGCGGAACCAGCAACAGACACAGAAGCCCCGATAGACGTCAGTGTTAGCAGAACTAGCTTCACTGATTTAGAAAAATAGAGGTGCACAGTGCTCTGGTCACTCCTTGAACCTGTGTGTCTGCCAATGTTCTGACCAGATATGTGCCCATTGCTGAACCTTCATTAGACTCTTTCCTTGTACCCCTCCCCTACCCATTTCTTGAAAATAGACATTGTTTAGATCTAAAAAGTCCCACCTCAGTTTCCCCAAATGACCGGGAAGTACCCCAAACCTTATTCGAACTAACCAACCAGCTCGCTTCTCGCTTCTGTAACCGCGCTTTTTGCTCCCCAGCCCTAGCCCTATAAAAAGGGTAAAAACTCCACACTCGGCGCGCCAGTCCTCCGATAGACTGAGTCGCCCGGGTACCCGTGTTCCCAATAAAGCCTCTTGCTGTTTACATCCGAATCGTGGACTCGCTGATCCTTGGGAGGGTCTCCTCAGATTGATTGACTGCCCACCTGGGGGGTCTTTCA,,
MTA_mm,TGTACTGGCTAGTTTTGTGTCAACTTGACACAGCTGGAGTTATCACAGAGAAAGGAGCTTCAGTTGAGGAAATGCCTCCATGAGATCCAACTGTAAGGCATTTTCTCAATTAGTGATCAAGGGGGAAAGGCCCCTTGTGGGTGGGACCATCTCAGGGCTGGTAGTCTTGGTTCTATAAGAAAGCAGGCTGAGCAAGCCAGGTGAGGCAAGCCAGTAAAGAACATCCCTCCATGGCCTCTGCATCAGCTCCTGCTTCCTGACCTGCTTGAGTTCCAGTCCTGGCTTCCTTGGTGATGAACAGCAGTATGGAAGTGTAAGCCGAATAAACCCTTTCCTCCCCAACTTGTTTCTTGGTCATGATGTTTGTGCAGGAATAGAAACCCCGACTAAGACA,,
RLTR10,TGTGGGGAGCGGGTGTGGCGGCAGTCCCAAAGGCGCCAGGGACTGCAGCTAAGTCATATGACTTGCACCTGACTTCCTCATATAAGACACAAACATCTTGAGTGCTGCGCAGGTGTACCAGGATACAGGTGAATCCAATTTGGTGGAGATTTGCCCCTGCTGCCCTGATTAGCTGAAGCTGCGTGCCTGGTGAAGTGGCGTGGCCTGCTGTGCGTGGATGGGAACTGAGAGTATATAAGAGTGAGAGGCCCGGGTTAGAGGGAGGATTATTATTCGAGAGAGGATTACTATTAGTGGGGGAGATATAAACAAGGGAGATATAAAAACAAGGGAGATATAAAAACAGGGGAGATATAAAAACAAGGGAGATATAAACAAGGGAGATATAAACAAGAAGAAACAGGACTGAATAAATGTGTGCAGAAGGATCCTGTAGCAGCGTCGTTCTTCCTGGCCAGTTGAGCGCGCGCAACA,,
